commit,chapter_index,chapter,module,note_class,para_index,markers,text_head
dfdfd7a5356ecdd42e504de3df50d9153e33ea49,1,What is Physics?,m54057,os-teacher,2,OL,[OL]Pre-assessment for this section could involve asking students the definition
dfdfd7a5356ecdd42e504de3df50d9153e33ea49,1,What is Physics?,m54057,os-teacher,3,OL,[OL]The introduction and opening picture are meant to show students that the phy
dfdfd7a5356ecdd42e504de3df50d9153e33ea49,1,What is Physics?,m54057,os-teacher,1,AL,"[AL]Ask what parts of a cell phone should contain conducting materials (wires, c"
dfdfd7a5356ecdd42e504de3df50d9153e33ea49,1,What is Physics?,m54057,os-teacher,2,AL,[AL]You can delve into GPS usage at this point by defining velocity = distance/t
dfdfd7a5356ecdd42e504de3df50d9153e33ea49,1,What is Physics?,m54057,os-teacher,1,BL,[BL][EL]English learners may need philosophy and classical defined during this s
dfdfd7a5356ecdd42e504de3df50d9153e33ea49,1,What is Physics?,m54057,os-teacher,1,OL,"[OL]To better relate to student experience, express the speed of light in units "
dfdfd7a5356ecdd42e504de3df50d9153e33ea49,1,What is Physics?,m54057,os-teacher,1,AL,"[AL]By saying that time passes more slowly at near-light speeds or high gravity,"
dfdfd7a5356ecdd42e504de3df50d9153e33ea49,1,What is Physics?,m54057,os-teacher,1,AL,[AL]Black holes are much more dense and massive than Earth. The greater an objec
dfdfd7a5356ecdd42e504de3df50d9153e33ea49,1,What is Physics?,m54057,os-teacher,1,OL+AL,[OL][AL]Assess prior knowledge of subatomic particles by asking students if they
dfdfd7a5356ecdd42e504de3df50d9153e33ea49,1,What is Physics?,m54057,os-teacher,2,AL,[AL]Scanning electron microscopes generate highly-detailed surface views of obje
dfdfd7a5356ecdd42e504de3df50d9153e33ea49,1,What is Physics?,m54057,os-teacher,1,AL,[AL]It is hazardous to put metal in the microwave because metal reflects microwa
dfdfd7a5356ecdd42e504de3df50d9153e33ea49,1,What is Physics?,m54057,os-teacher,1,BL,[BL][EL]Students may need acoustics to be explained as the properties of a room 
dfdfd7a5356ecdd42e504de3df50d9153e33ea49,1,What is Physics?,m54057,os-teacher,1,BL,[BL]Cell membranes (found in the cells of all organisms) control the transport o
dfdfd7a5356ecdd42e504de3df50d9153e33ea49,1,What is Physics?,m54057,os-teacher,2,AL,[AL]X-rays easily penetrate skin and soft tissues but are absorbed to a far grea
dfdfd7a5356ecdd42e504de3df50d9153e33ea49,1,What is Physics?,m54083,os-teacher,1,OL,[OL]Pre-assessment for this section could involve students sharing or writing do
dfdfd7a5356ecdd42e504de3df50d9153e33ea49,1,What is Physics?,m54083,os-teacher,2,OL,"[OL]It should be noted and possibly mentioned that a scientist, as mentioned in "
dfdfd7a5356ecdd42e504de3df50d9153e33ea49,1,What is Physics?,m54083,os-teacher,1,OL,[OL] An educated guess is used throughout this section in describing a hypothesi
dfdfd7a5356ecdd42e504de3df50d9153e33ea49,1,What is Physics?,m54083,os-teacher,1,OL,"[OL]Explain to students that in informal, everyday English the word theory can b"
dfdfd7a5356ecdd42e504de3df50d9153e33ea49,1,What is Physics?,m54083,os-teacher,1,OL,"[OL]With regard to scientists avoiding using the word prove, the general public "
dfdfd7a5356ecdd42e504de3df50d9153e33ea49,1,What is Physics?,m54599,os-teacher,1,OL,[OL]Pre-assessment for this section could involve asking students what experienc
dfdfd7a5356ecdd42e504de3df50d9153e33ea49,1,What is Physics?,m54599,os-teacher,1,OL,"[OL]As a clarification, certain countries use the British system for a few of th"
dfdfd7a5356ecdd42e504de3df50d9153e33ea49,1,What is Physics?,m54599,os-teacher,1,BL,[BL]An average solar day was used to originally define the second because the le
dfdfd7a5356ecdd42e504de3df50d9153e33ea49,1,What is Physics?,m54599,os-teacher,1,BL,[BL]Some students may not know that a vacuum is a region of space that contains 
dfdfd7a5356ecdd42e504de3df50d9153e33ea49,1,What is Physics?,m54599,os-teacher,1,OL,[OL]The importance of bar graphs should also be mentioned as a useful way to sho
dfdfd7a5356ecdd42e504de3df50d9153e33ea49,1,What is Physics?,m54599,os-teacher,2,OL,[OL]If students have difficulty understanding the difference between dependent a
dfdfd7a5356ecdd42e504de3df50d9153e33ea49,2,Motion in One Dimension,m54108,os-teacher,1,BL+OL,[BL][OL] Start by asking what position is and how it is defined. You can use a t
dfdfd7a5356ecdd42e504de3df50d9153e33ea49,2,Motion in One Dimension,m54108,os-teacher,2,AL,[AL] Ask students to describe the path of movement and emphasize that direction 
dfdfd7a5356ecdd42e504de3df50d9153e33ea49,2,Motion in One Dimension,m54108,os-teacher,1,OL+AL,[OL][AL]Explain that the word kinematics comes from a Greek term meaning motion.
dfdfd7a5356ecdd42e504de3df50d9153e33ea49,2,Motion in One Dimension,m54108,os-teacher,1,BL+OL,[BL][OL] You may want to introduce the concept of a reference point as the start
dfdfd7a5356ecdd42e504de3df50d9153e33ea49,2,Motion in One Dimension,m54108,os-teacher,2,AL,[AL] Explain that the reference frames considered in this chapter are inertial r
dfdfd7a5356ecdd42e504de3df50d9153e33ea49,2,Motion in One Dimension,m54108,os-teacher,3,BL+OL,[BL][OL][Visual] Misconception: Students may assume that a reference frame is a 
dfdfd7a5356ecdd42e504de3df50d9153e33ea49,2,Motion in One Dimension,m54108,os-teacher,4,BL,[BL] Have students practice describing simple examples of motion in the class fr
dfdfd7a5356ecdd42e504de3df50d9153e33ea49,2,Motion in One Dimension,m54108,os-teacher,3,OL,[OL] Be careful that students do not assume that initial position is always zero
dfdfd7a5356ecdd42e504de3df50d9153e33ea49,2,Motion in One Dimension,m54108,os-teacher,6,BL,[BL] Ask students whether each of the following is a vector quantity or a scalar
dfdfd7a5356ecdd42e504de3df50d9153e33ea49,2,Motion in One Dimension,m54108,os-teacher,7,OL,[OL] Ask students to provide examples of vector quantities and scalar quantities
dfdfd7a5356ecdd42e504de3df50d9153e33ea49,2,Motion in One Dimension,m54108,os-teacher,2,OL+BL,[OL][BL] Come up with some examples of vectors and scalars and have the students
dfdfd7a5356ecdd42e504de3df50d9153e33ea49,2,Motion in One Dimension,m54108,os-teacher,3,AL,[AL] Discuss how the concept of direction might be important for the study of mo
dfdfd7a5356ecdd42e504de3df50d9153e33ea49,2,Motion in One Dimension,m54104,os-teacher,2,BL+OL,"[BL][OL] Before students read the section, ask them to give examples of ways the"
dfdfd7a5356ecdd42e504de3df50d9153e33ea49,2,Motion in One Dimension,m54104,os-teacher,3,AL,"[AL] Explain to students that velocity, like displacement, is a vector quantity."
dfdfd7a5356ecdd42e504de3df50d9153e33ea49,2,Motion in One Dimension,m54104,os-teacher,1,OL+AL,[OL][AL] Caution students that average speed is not always the average of an obj
dfdfd7a5356ecdd42e504de3df50d9153e33ea49,2,Motion in One Dimension,m54104,os-teacher,2,BL+OL,"[BL][OL] Caution students that the terms speed, average speed, and instantaneous"
dfdfd7a5356ecdd42e504de3df50d9153e33ea49,2,Motion in One Dimension,m54110,os-teacher,1,BL+OL,"[BL][OL] Describe a scenario, for example, in which you launch a water rocket in"
dfdfd7a5356ecdd42e504de3df50d9153e33ea49,2,Motion in One Dimension,m54110,os-teacher,2,AL,"[AL] Once the students have looked at and analyzed the graph, see if they can de"
dfdfd7a5356ecdd42e504de3df50d9153e33ea49,2,Motion in One Dimension,m54110,os-teacher,4,OL,[OL] Ask if the place that they take as zero affects the graph.
dfdfd7a5356ecdd42e504de3df50d9153e33ea49,2,Motion in One Dimension,m54110,os-teacher,5,AL,[AL] Is it realistic to draw any position graph that starts at rest without some
dfdfd7a5356ecdd42e504de3df50d9153e33ea49,2,Motion in One Dimension,m54110,os-teacher,7,AL,[AL] Some students might recognize that a curve in the line represents a sort of
dfdfd7a5356ecdd42e504de3df50d9153e33ea49,2,Motion in One Dimension,m54110,os-teacher,1,BL+OL,[BL][OL] Emphasize that the motion in this lab is the motion of the ball as it r
dfdfd7a5356ecdd42e504de3df50d9153e33ea49,2,Motion in One Dimension,m54110,os-teacher,2,AL,[AL] Ask students what the graph would look like if they began timing at the top
dfdfd7a5356ecdd42e504de3df50d9153e33ea49,2,Motion in One Dimension,m54110,os-teacher,3,BL+OL,[BL][OL] Have the students compare the graphs made with different individuals ta
dfdfd7a5356ecdd42e504de3df50d9153e33ea49,2,Motion in One Dimension,m54110,os-teacher,4,BL+OL,[BL][OL] Have the students compare the graphs made with different individuals ta
dfdfd7a5356ecdd42e504de3df50d9153e33ea49,2,Motion in One Dimension,m54110,os-teacher,2,AL,[AL] You could find the instantaneous velocity at each point along the graph and
dfdfd7a5356ecdd42e504de3df50d9153e33ea49,2,Motion in One Dimension,m54094,os-teacher,2,OL+AL,[OL][AL] Have students describe the relationship between the velocity and the po
dfdfd7a5356ecdd42e504de3df50d9153e33ea49,2,Motion in One Dimension,m54094,os-teacher,3,AL,[AL] What is wrong with this graph? Ask students whether the velocity could actu
dfdfd7a5356ecdd42e504de3df50d9153e33ea49,2,Motion in One Dimension,m54094,os-teacher,4,OL,"[OL] Students should be able to see that if a position graph is a straight line,"
dfdfd7a5356ecdd42e504de3df50d9153e33ea49,2,Motion in One Dimension,m54094,os-teacher,5,AL,[AL] Guide students in seeing that the area under the velocity curve is actually
dfdfd7a5356ecdd42e504de3df50d9153e33ea49,2,Motion in One Dimension,m54094,os-teacher,2,OL,[OL] Have the students compare this problem and the last one. Ask—What is the di
dfdfd7a5356ecdd42e504de3df50d9153e33ea49,3,Acceleration,m54123,os-teacher,1,BL+OL,[BL][OL] Begin a general discussion about acceleration and deceleration. Ask for
dfdfd7a5356ecdd42e504de3df50d9153e33ea49,3,Acceleration,m54123,os-teacher,2,AL,[AL] See how much students remember about vectors. What does a vector arrow repr
dfdfd7a5356ecdd42e504de3df50d9153e33ea49,3,Acceleration,m54123,os-teacher,1,BL,"[BL] Review definitions of the terms: time, displacement, velocity, and accelera"
dfdfd7a5356ecdd42e504de3df50d9153e33ea49,3,Acceleration,m54123,os-teacher,2,OL,"[OL] Verify that the students know the SI units in which time, displacement, vel"
dfdfd7a5356ecdd42e504de3df50d9153e33ea49,3,Acceleration,m54123,os-teacher,3,AL,[AL] Review all the base units of the metric system. Explain how these units are
dfdfd7a5356ecdd42e504de3df50d9153e33ea49,3,Acceleration,m54123,os-teacher,4,BL+OL,[BL][OL] Use the equation a ¯ = Δv Δt = v f − v 0 t f − t 0 to emphasize the rel
dfdfd7a5356ecdd42e504de3df50d9153e33ea49,3,Acceleration,m54123,os-teacher,5,AL,[AL] See if students can use the concept of acceleration to understand confusing
dfdfd7a5356ecdd42e504de3df50d9153e33ea49,3,Acceleration,m54123,os-teacher,6,OL,[OL] The arrow for acceleration that points opposite to the arrow for velocity m
dfdfd7a5356ecdd42e504de3df50d9153e33ea49,3,Acceleration,m54123,os-teacher,1,BL+OL,"[BL][OL] Before beginning the calculations, verify that students understand the "
dfdfd7a5356ecdd42e504de3df50d9153e33ea49,3,Acceleration,m54116,os-teacher,1,BL,"[BL] Briefly review displacement, time, velocity, and acceleration; their variab"
dfdfd7a5356ecdd42e504de3df50d9153e33ea49,3,Acceleration,m54116,os-teacher,2,OL+AL,[OL][AL] Explain that this section introduces five equations that allow us to so
dfdfd7a5356ecdd42e504de3df50d9153e33ea49,3,Acceleration,m54116,os-teacher,1,BL,[BL] Be sure everyone is completely comfortable with the idea that velocity is d
dfdfd7a5356ecdd42e504de3df50d9153e33ea49,3,Acceleration,m54116,os-teacher,2,OL,[OL] Remind students that they studied velocity in earlier chapters. Relate the 
dfdfd7a5356ecdd42e504de3df50d9153e33ea49,3,Acceleration,m54116,os-teacher,3,OL,[OL] Build on the understanding of velocity to introduce acceleration. Contrast 
dfdfd7a5356ecdd42e504de3df50d9153e33ea49,3,Acceleration,m54116,os-teacher,4,OL+AL,[OL][AL] Ask students why all three of the plots are straight lines. Refer to th
dfdfd7a5356ecdd42e504de3df50d9153e33ea49,3,Acceleration,m54116,os-teacher,1,OL,[OL] Go through the algebra to show how the kinematic equations can be simplifie
dfdfd7a5356ecdd42e504de3df50d9153e33ea49,3,Acceleration,m54116,os-teacher,1,BL+OL+AL,[BL][OL][AL] Consider starting with the simplified summary of problem solving an
dfdfd7a5356ecdd42e504de3df50d9153e33ea49,3,Acceleration,m54116,os-teacher,1,OL,[OL] Work through the problem-solving steps with the student.
dfdfd7a5356ecdd42e504de3df50d9153e33ea49,3,Acceleration,m54116,os-teacher,3,AL,[AL] Initiate a discussion on variation in gravity. Compare gravity on Earth to 
dfdfd7a5356ecdd42e504de3df50d9153e33ea49,4,Forces and Newton’s Laws of Motion,m54135,os-teacher,2,BL+OL,"[BL][OL] Point out that objects at rest tend to stay at rest. A ball, for exampl"
dfdfd7a5356ecdd42e504de3df50d9153e33ea49,4,Forces and Newton’s Laws of Motion,m54135,os-teacher,3,AL,[AL] Start a discussion about force and motion. Ask students what would happen i
dfdfd7a5356ecdd42e504de3df50d9153e33ea49,4,Forces and Newton’s Laws of Motion,m54135,os-teacher,1,OL,[OL] Explain that the word dynamics comes from a Greek word meaning power. Also 
dfdfd7a5356ecdd42e504de3df50d9153e33ea49,4,Forces and Newton’s Laws of Motion,m54135,os-teacher,2,BL+OL,"[BL][OL] You may want to introduce the terms system, external force, and interna"
dfdfd7a5356ecdd42e504de3df50d9153e33ea49,4,Forces and Newton’s Laws of Motion,m54135,os-teacher,3,AL,[AL] Explain that both magnitude and direction must be considered when talking a
dfdfd7a5356ecdd42e504de3df50d9153e33ea49,4,Forces and Newton’s Laws of Motion,m54135,os-teacher,1,BL,[BL] Review vectors and how they are represented. Review vector addition.
dfdfd7a5356ecdd42e504de3df50d9153e33ea49,4,Forces and Newton’s Laws of Motion,m54135,os-teacher,2,AL,[AL] Ask students to give everyday examples of situations where multiple forces 
dfdfd7a5356ecdd42e504de3df50d9153e33ea49,4,Forces and Newton’s Laws of Motion,m54138,os-teacher,3,BL+OL+AL,[BL][OL][AL] Ask students to speculate what happens to objects when they are set
dfdfd7a5356ecdd42e504de3df50d9153e33ea49,4,Forces and Newton’s Laws of Motion,m54138,os-teacher,1,BL+OL+AL,[BL][OL][AL] Discuss examples of Newton’s first law seen in everyday life.
dfdfd7a5356ecdd42e504de3df50d9153e33ea49,4,Forces and Newton’s Laws of Motion,m54138,os-teacher,2,BL+OL+AL,[BL][OL][AL] Talk about different pairs of surfaces and how each exhibits differ
dfdfd7a5356ecdd42e504de3df50d9153e33ea49,4,Forces and Newton’s Laws of Motion,m54138,os-teacher,3,OL+AL,[OL][AL] Ask students to give different examples of systems where multiple force
dfdfd7a5356ecdd42e504de3df50d9153e33ea49,4,Forces and Newton’s Laws of Motion,m54138,os-teacher,1,BL,[BL] Review Newton’s first law. Explain that the property of objects to maintain
dfdfd7a5356ecdd42e504de3df50d9153e33ea49,4,Forces and Newton’s Laws of Motion,m54138,os-teacher,2,OL+AL,[OL][AL] Take two similar carts or trolleys with wheels. Place a heavy weight in
dfdfd7a5356ecdd42e504de3df50d9153e33ea49,4,Forces and Newton’s Laws of Motion,m54138,os-teacher,3,BL+OL,[BL][OL] Explain the concepts of mass and weight. Explain that these terms may b
dfdfd7a5356ecdd42e504de3df50d9153e33ea49,4,Forces and Newton’s Laws of Motion,m54142,os-teacher,1,BL+OL,"[BL][OL] Review the concepts of inertia and Newton’s first law. Explain that, ac"
dfdfd7a5356ecdd42e504de3df50d9153e33ea49,4,Forces and Newton’s Laws of Motion,m54142,os-teacher,2,BL+OL+AL,[BL][OL][AL] Write the equation for Newton’s second law and show how it can be s
dfdfd7a5356ecdd42e504de3df50d9153e33ea49,4,Forces and Newton’s Laws of Motion,m54142,os-teacher,1,BL,[BL] Review how to convert between units.
dfdfd7a5356ecdd42e504de3df50d9153e33ea49,4,Forces and Newton’s Laws of Motion,m54142,os-teacher,2,OL+AL,[OL][AL] Ask students to give examples of Newton’s second law.
dfdfd7a5356ecdd42e504de3df50d9153e33ea49,4,Forces and Newton’s Laws of Motion,m54142,os-teacher,4,BL+OL+AL,[BL][OL][AL] Ask students if they think an astronaut weighs the same on the moon
dfdfd7a5356ecdd42e504de3df50d9153e33ea49,4,Forces and Newton’s Laws of Motion,m54131,os-teacher,1,BL+OL,[BL][OL] Review Newton’s first and second laws.
dfdfd7a5356ecdd42e504de3df50d9153e33ea49,4,Forces and Newton’s Laws of Motion,m54131,os-teacher,2,AL,[AL] Start a discussion about action and reaction by giving examples. Introduce 
dfdfd7a5356ecdd42e504de3df50d9153e33ea49,4,Forces and Newton’s Laws of Motion,m54131,os-teacher,1,BL,[BL] Review the concept of weight as a force.
dfdfd7a5356ecdd42e504de3df50d9153e33ea49,4,Forces and Newton’s Laws of Motion,m54131,os-teacher,2,OL,[OL] Ask students what happens when an object is dropped from a height. Why does
dfdfd7a5356ecdd42e504de3df50d9153e33ea49,4,Forces and Newton’s Laws of Motion,m54131,os-teacher,3,BL+OL+AL,[BL][OL][AL] Demonstrate the concept of tension by using physical objects. Suspe
dfdfd7a5356ecdd42e504de3df50d9153e33ea49,5,Motion in Two Dimensions,m54165,os-teacher,1,BL+OL,"[BL][OL]Review vectors and free body diagrams. Recall how velocity, displacement"
dfdfd7a5356ecdd42e504de3df50d9153e33ea49,5,Motion in Two Dimensions,m54165,os-teacher,1,AL,[AL] Ask two students to demonstrate pushing a table from two different directio
dfdfd7a5356ecdd42e504de3df50d9153e33ea49,5,Motion in Two Dimensions,m54165,os-teacher,2,BL+OL+AL,[BL][OL][AL] Ask students if anything changes by moving the vector from one plac
dfdfd7a5356ecdd42e504de3df50d9153e33ea49,5,Motion in Two Dimensions,m54165,os-teacher,1,BL+OL+AL,[BL][OL][AL] Ask three students to enact the situation shown in . Recall how the
dfdfd7a5356ecdd42e504de3df50d9153e33ea49,5,Motion in Two Dimensions,m54147,os-teacher,1,BL+OL,"[BL][OL] Review trigonometric concepts of sine, cosine, tangent and the Pythagor"
dfdfd7a5356ecdd42e504de3df50d9153e33ea49,5,Motion in Two Dimensions,m54147,os-teacher,1,BL+OL+AL,[BL][OL][AL] Derive the formula for getting the magnitude and direction of a vec
dfdfd7a5356ecdd42e504de3df50d9153e33ea49,5,Motion in Two Dimensions,m54147,os-teacher,1,BL+OL+AL,[BL][OL][AL] Demonstrate a problem involving displacement by physically walking 
dfdfd7a5356ecdd42e504de3df50d9153e33ea49,5,Motion in Two Dimensions,m54162,os-teacher,1,BL+OL,[BL][OL] Review addition of vectors graphically and analytically.
dfdfd7a5356ecdd42e504de3df50d9153e33ea49,5,Motion in Two Dimensions,m54162,os-teacher,2,BL+OL+AL,[BL][OL][AL] Explain the term projectile motion. Ask students to guess what the 
dfdfd7a5356ecdd42e504de3df50d9153e33ea49,5,Motion in Two Dimensions,m54162,os-teacher,1,BL+OL+AL,[BL][OL][AL] Talk about the sample problem. Discuss the variables or unknowns in
dfdfd7a5356ecdd42e504de3df50d9153e33ea49,5,Motion in Two Dimensions,m54159,os-teacher,1,BL+OL,[BL][OL] Review the concept of friction.
dfdfd7a5356ecdd42e504de3df50d9153e33ea49,5,Motion in Two Dimensions,m54159,os-teacher,2,AL,[AL] Start a discussion about the two kinds of friction: static and kinetic. Ask
dfdfd7a5356ecdd42e504de3df50d9153e33ea49,5,Motion in Two Dimensions,m54159,os-teacher,1,BL,"[BL] Review the concepts of mass, weight, gravitation and normal force."
dfdfd7a5356ecdd42e504de3df50d9153e33ea49,5,Motion in Two Dimensions,m54159,os-teacher,2,OL,[OL] Review vectors and components of vectors.
dfdfd7a5356ecdd42e504de3df50d9153e33ea49,5,Motion in Two Dimensions,m54159,os-teacher,1,BL+OL+AL,[BL][OL][AL] Experiment with sliding different objects on inclined planes to und
dfdfd7a5356ecdd42e504de3df50d9153e33ea49,5,Motion in Two Dimensions,m54154,os-teacher,1,BL,[BL] Review the concept of force.
dfdfd7a5356ecdd42e504de3df50d9153e33ea49,5,Motion in Two Dimensions,m54154,os-teacher,2,BL+OL+AL,[BL][OL][AL] Introduce Hooke’s law and force constant of a spring.
dfdfd7a5356ecdd42e504de3df50d9153e33ea49,5,Motion in Two Dimensions,m54154,os-teacher,1,BL+OL+AL,[BL][OL][AL] Find springs or rubber bands with different amounts of stiffness. A
dfdfd7a5356ecdd42e504de3df50d9153e33ea49,5,Motion in Two Dimensions,m54154,os-teacher,1,BL,[BL] Review simple harmonic motion.
dfdfd7a5356ecdd42e504de3df50d9153e33ea49,5,Motion in Two Dimensions,m54154,os-teacher,1,BL+OL+AL,[BL][OL][AL]Construct simple pendulums of different lengths. Ask students to mea
dfdfd7a5356ecdd42e504de3df50d9153e33ea49,5,Motion in Two Dimensions,m54154,os-teacher,1,AL,[AL] Ask two students to demonstrate pushing a table from two different directio
dfdfd7a5356ecdd42e504de3df50d9153e33ea49,5,Motion in Two Dimensions,m54154,os-teacher,2,BL+OL+AL,[BL][OL][AL] Ask students if anything changes by moving the vector from one plac
dfdfd7a5356ecdd42e504de3df50d9153e33ea49,6,Circular and Rotational Motion,m54176,os-teacher,1,BL+OL,[BL][OL] Explain the difference between circular and rotational motions by using
dfdfd7a5356ecdd42e504de3df50d9153e33ea49,6,Circular and Rotational Motion,m54176,os-teacher,2,OL+AL,[OL][AL] Ask students to come up with examples of circular motion.
dfdfd7a5356ecdd42e504de3df50d9153e33ea49,6,Circular and Rotational Motion,m54176,os-teacher,1,BL,"[BL] Review displacement, speed, velocity, acceleration."
dfdfd7a5356ecdd42e504de3df50d9153e33ea49,6,Circular and Rotational Motion,m54176,os-teacher,2,AL,[AL] Ask students whether or not velocity changes in uniform circular motion. Wh
dfdfd7a5356ecdd42e504de3df50d9153e33ea49,6,Circular and Rotational Motion,m54176,os-teacher,1,AL,[AL] Explain that the time period Δt in the equation that defines tangential vel
dfdfd7a5356ecdd42e504de3df50d9153e33ea49,6,Circular and Rotational Motion,m54181,os-teacher,1,BL+OL,[BL][OL] Review uniform circular motion. Ask students to give examples of circul
dfdfd7a5356ecdd42e504de3df50d9153e33ea49,6,Circular and Rotational Motion,m54181,os-teacher,1,BL+OL+AL,[BL][OL][AL] Demonstrate circular motion by tying a weight to a string and twirl
dfdfd7a5356ecdd42e504de3df50d9153e33ea49,6,Circular and Rotational Motion,m54181,os-teacher,1,BL+OL+AL,"[BL][OL][AL] Using the same demonstration as before, ask students to predict the"
dfdfd7a5356ecdd42e504de3df50d9153e33ea49,6,Circular and Rotational Motion,m54180,os-teacher,1,BL+OL,[BL][OL] Review linear kinematic equations.
dfdfd7a5356ecdd42e504de3df50d9153e33ea49,6,Circular and Rotational Motion,m54180,os-teacher,1,BL+OL+AL,"[BL][OL][AL] Demonstrate the physical relationships between torque, force, angle"
dfdfd7a5356ecdd42e504de3df50d9153e33ea49,7,Newton's Law of Gravitation,m54192,os-teacher,3,BL+OL,[BL][OL] Discuss the historical setting in which Kepler worked. Most people stil
dfdfd7a5356ecdd42e504de3df50d9153e33ea49,7,Newton's Law of Gravitation,m54192,os-teacher,4,AL,[AL] Explain that Kepler’s laws were laws and not theories. Laws describe patter
dfdfd7a5356ecdd42e504de3df50d9153e33ea49,7,Newton's Law of Gravitation,m54192,os-teacher,1,OL,[OL] Ask the students to explain the criteria to see if they understand relative
dfdfd7a5356ecdd42e504de3df50d9153e33ea49,7,Newton's Law of Gravitation,m54192,os-teacher,1,BL,[BL] Relate orbit to year and rotation to day. Be sure that students know that a
dfdfd7a5356ecdd42e504de3df50d9153e33ea49,7,Newton's Law of Gravitation,m54192,os-teacher,2,OL,[OL] See how many levels of orbital motion the students know and fill in the one
dfdfd7a5356ecdd42e504de3df50d9153e33ea49,7,Newton's Law of Gravitation,m54192,os-teacher,3,AL,"[AL] From the point of view of Earth, which objects appear (incorrectly) to be o"
dfdfd7a5356ecdd42e504de3df50d9153e33ea49,7,Newton's Law of Gravitation,m54192,os-teacher,1,AL,[AL] Ask for a definition of planet. Prepare to discuss Pluto’s demotion if it c
dfdfd7a5356ecdd42e504de3df50d9153e33ea49,7,Newton's Law of Gravitation,m54192,os-teacher,1,AL,"[AL] If any students are interested and proficient in algebra and geometry, ask "
dfdfd7a5356ecdd42e504de3df50d9153e33ea49,7,Newton's Law of Gravitation,m54192,os-teacher,2,BL+OL,[BL][OL] Impress upon the students that Kepler had to crunch an enormous amount 
dfdfd7a5356ecdd42e504de3df50d9153e33ea49,7,Newton's Law of Gravitation,m54192,os-teacher,2,OL,[OL] Ask students to use this figure to understand why planets and comets travel
dfdfd7a5356ecdd42e504de3df50d9153e33ea49,7,Newton's Law of Gravitation,m54192,os-teacher,1,BL,[BL] See if students can rearrange this equation to solve for any one of the var
dfdfd7a5356ecdd42e504de3df50d9153e33ea49,7,Newton's Law of Gravitation,m54192,os-teacher,2,AL,[AL] Show a solution for one of the periods T or radii r and ask students to int
dfdfd7a5356ecdd42e504de3df50d9153e33ea49,7,Newton's Law of Gravitation,m54192,os-teacher,3,OL,[OL] Emphasize that this approach only works for two satellites orbiting the sam
dfdfd7a5356ecdd42e504de3df50d9153e33ea49,7,Newton's Law of Gravitation,m54192,os-teacher,1,OL,"[OL] Review the definitions of major and minor axes, semi-major and semi-minor a"
dfdfd7a5356ecdd42e504de3df50d9153e33ea49,7,Newton's Law of Gravitation,m54192,os-teacher,2,OL,"[OL] Have students relate eccentricity, distance between foci, and shape of orbi"
dfdfd7a5356ecdd42e504de3df50d9153e33ea49,7,Newton's Law of Gravitation,m54192,os-teacher,3,AL,"[AL] Ask for examples of orbits with high eccentricity (comets, Pluto) and low e"
dfdfd7a5356ecdd42e504de3df50d9153e33ea49,7,Newton's Law of Gravitation,m54192,os-teacher,2,BL,[BL]Have the students memorized the value of π?
dfdfd7a5356ecdd42e504de3df50d9153e33ea49,7,Newton's Law of Gravitation,m54192,os-teacher,3,OL+AL,[OL][AL]What is the formula when a = b? Is the formula familiar?
dfdfd7a5356ecdd42e504de3df50d9153e33ea49,7,Newton's Law of Gravitation,m54192,os-teacher,4,OL,[OL]Can the student verify this statement by rearranging the equation?
dfdfd7a5356ecdd42e504de3df50d9153e33ea49,7,Newton's Law of Gravitation,m54189,os-teacher,2,BL+OL,"[BL][OL] Compare the contributions of Kepler, Newton, and Einstein. Place them h"
dfdfd7a5356ecdd42e504de3df50d9153e33ea49,7,Newton's Law of Gravitation,m54189,os-teacher,3,AL,[AL] Ask if anyone knows the difference between special relativity and general r
dfdfd7a5356ecdd42e504de3df50d9153e33ea49,7,Newton's Law of Gravitation,m54189,os-teacher,1,BL+OL,[BL][OL]Ask students if it really is obvious why all things fall straight down. 
dfdfd7a5356ecdd42e504de3df50d9153e33ea49,7,Newton's Law of Gravitation,m54189,os-teacher,2,OL+AL,[OL][AL]Ask if anyone thinks it is strange or even mysterious that a force can a
dfdfd7a5356ecdd42e504de3df50d9153e33ea49,7,Newton's Law of Gravitation,m54189,os-teacher,1,BL+OL,[BL][OL]Be sure no one is confusing G with g.
dfdfd7a5356ecdd42e504de3df50d9153e33ea49,7,Newton's Law of Gravitation,m54189,os-teacher,2,AL,[AL]Ask if anyone can explain why G is a universal constant that applies anywher
dfdfd7a5356ecdd42e504de3df50d9153e33ea49,7,Newton's Law of Gravitation,m54189,os-teacher,1,OL,[OL]This equation illustrates the difference between Kepler’s and Newton’s work.
dfdfd7a5356ecdd42e504de3df50d9153e33ea49,7,Newton's Law of Gravitation,m54189,os-teacher,2,AL,[AL]Ask the students what the attraction would be between two 10 kg balls separa
dfdfd7a5356ecdd42e504de3df50d9153e33ea49,7,Newton's Law of Gravitation,m54189,os-teacher,1,BL+OL,[BL][OL]Ask the students to discuss the postulate. Can they relate the identity 
dfdfd7a5356ecdd42e504de3df50d9153e33ea49,7,Newton's Law of Gravitation,m54189,os-teacher,1,BL,[BL] Check to make sure students are clear about the distinction between mass an
dfdfd7a5356ecdd42e504de3df50d9153e33ea49,7,Newton's Law of Gravitation,m54189,os-teacher,2,OL,[OL] Recall the antics of astronauts of on the moon performed to illustrate the 
dfdfd7a5356ecdd42e504de3df50d9153e33ea49,7,Newton's Law of Gravitation,m54189,os-teacher,1,BL+OL,"[BL][OL] Review the meanings of all the symbols in these equations: F, G, m, M, "
dfdfd7a5356ecdd42e504de3df50d9153e33ea49,7,Newton's Law of Gravitation,m54189,os-teacher,2,OL+AL,"[OL][AL] Have the students memorize the values of G, g, and π to three significa"
dfdfd7a5356ecdd42e504de3df50d9153e33ea49,8,Momentum,m54215,os-teacher,1,BL+OL,[BL][OL] Review inertia and Newton’s laws of motion.
dfdfd7a5356ecdd42e504de3df50d9153e33ea49,8,Momentum,m54215,os-teacher,2,AL,[AL] Start a discussion about movement and collision. Using the example of footb
dfdfd7a5356ecdd42e504de3df50d9153e33ea49,8,Momentum,m54215,os-teacher,1,OL+AL,"[OL][AL] Explain that a large, fast-moving object has greater momentum than a sm"
dfdfd7a5356ecdd42e504de3df50d9153e33ea49,8,Momentum,m54215,os-teacher,2,BL+OL,[BL][OL] Review the equation of Newton’s second law of motion. Point out the two
dfdfd7a5356ecdd42e504de3df50d9153e33ea49,8,Momentum,m54215,os-teacher,1,BL+OL+AL,[BL][OL][AL] Show the two different forms of Newton’s second law and how one can
dfdfd7a5356ecdd42e504de3df50d9153e33ea49,8,Momentum,m54215,os-teacher,1,OL+AL,[OL][AL] Discuss the impact one feels when one falls or jumps. List the factors 
dfdfd7a5356ecdd42e504de3df50d9153e33ea49,8,Momentum,m54202,os-teacher,2,BL+OL,"[BL][OL] Before students read the section, ask them what they understand by the "
dfdfd7a5356ecdd42e504de3df50d9153e33ea49,8,Momentum,m54202,os-teacher,1,OL+AL,[OL][AL] Caution students that momentum is only conserved when the entire system
dfdfd7a5356ecdd42e504de3df50d9153e33ea49,8,Momentum,m54209,os-teacher,1,BL+OL,[BL][OL] Review the concept of internal energy. Ask students what they understan
dfdfd7a5356ecdd42e504de3df50d9153e33ea49,8,Momentum,m54209,os-teacher,2,AL,[AL] Start a discussion about collisions. Ask students to give examples of elast
dfdfd7a5356ecdd42e504de3df50d9153e33ea49,9,"Work, Energy, and Simple Machines",m54271,os-teacher,2,BL+OL,"[BL][OL] Review understanding of mass, velocity, and acceleration due to gravity"
dfdfd7a5356ecdd42e504de3df50d9153e33ea49,9,"Work, Energy, and Simple Machines",m54271,os-teacher,3,AL+AL,[AL][AL] Remind students of the equation W=P E e =fmg . Point out that accelerat
dfdfd7a5356ecdd42e504de3df50d9153e33ea49,9,"Work, Energy, and Simple Machines",m54271,os-teacher,1,BL+OL,"[BL][OL] Explain that, when this theorem is applied to an object that is initial"
dfdfd7a5356ecdd42e504de3df50d9153e33ea49,9,"Work, Energy, and Simple Machines",m54271,os-teacher,2,OL+AL,[OL][AL] Work is measured in joules and W=fd . Force is measured in newtons and 
dfdfd7a5356ecdd42e504de3df50d9153e33ea49,9,"Work, Energy, and Simple Machines",m54271,os-teacher,1,BL+OL,[BL][OL] Review the concept that work changes the energy of an object or system.
dfdfd7a5356ecdd42e504de3df50d9153e33ea49,9,"Work, Energy, and Simple Machines",m54271,os-teacher,2,OL,[OL] Ask the students to use the mechanical energy equations to explain why each
dfdfd7a5356ecdd42e504de3df50d9153e33ea49,9,"Work, Energy, and Simple Machines",m54271,os-teacher,3,BL+OL,"[BL][OL] Stress that power is a rate and that rate means ""per unit of time."" In "
dfdfd7a5356ecdd42e504de3df50d9153e33ea49,9,"Work, Energy, and Simple Machines",m54271,os-teacher,4,AL,"[AL] Explain relationships between the units for force, work, and power. If W=fd"
dfdfd7a5356ecdd42e504de3df50d9153e33ea49,9,"Work, Energy, and Simple Machines",m54273,os-teacher,1,BL+OL,[BL][OL] Begin by distinguishing mechanical energy from other forms of energy. E
dfdfd7a5356ecdd42e504de3df50d9153e33ea49,9,"Work, Energy, and Simple Machines",m54273,os-teacher,2,AL,[AL] Start a discussion about how other useful forms of energy also end up as wa
dfdfd7a5356ecdd42e504de3df50d9153e33ea49,9,"Work, Energy, and Simple Machines",m54273,os-teacher,1,OL+AL,"[OL][AL] Ask if definitions of energy make sense to the class, and try to bring "
dfdfd7a5356ecdd42e504de3df50d9153e33ea49,9,"Work, Energy, and Simple Machines",m54273,os-teacher,2,BL+OL,[BL][OL] You may want to introduce the concept of a reference point as the start
dfdfd7a5356ecdd42e504de3df50d9153e33ea49,9,"Work, Energy, and Simple Machines",m54273,os-teacher,3,BL,[BL] Make it clear that energy is a different property with different units than
dfdfd7a5356ecdd42e504de3df50d9153e33ea49,9,"Work, Energy, and Simple Machines",m54273,os-teacher,4,OL,[OL] Help students understand that the speed with which the TV is delivered is n
dfdfd7a5356ecdd42e504de3df50d9153e33ea49,9,"Work, Energy, and Simple Machines",m54273,os-teacher,5,BL,[BL] Be sure there is a clear understanding of the distinction between kinetic a
dfdfd7a5356ecdd42e504de3df50d9153e33ea49,9,"Work, Energy, and Simple Machines",m54273,os-teacher,1,BL+OL,[BL][OL] Impress upon the students the significant amount of work required to ge
dfdfd7a5356ecdd42e504de3df50d9153e33ea49,9,"Work, Energy, and Simple Machines",m54274,os-teacher,2,BL+OL,[BL][OL] Ask the students what they know about machines and work. Dispel any mis
dfdfd7a5356ecdd42e504de3df50d9153e33ea49,9,"Work, Energy, and Simple Machines",m54274,os-teacher,3,AL,[AL] Ask for recall of the formula W = fd. Explain that the product of force and
dfdfd7a5356ecdd42e504de3df50d9153e33ea49,9,"Work, Energy, and Simple Machines",m54274,os-teacher,1,AL,[AL]Tell students there are two other classes of levers with different arrangeme
dfdfd7a5356ecdd42e504de3df50d9153e33ea49,9,"Work, Energy, and Simple Machines",m54274,os-teacher,1,BL+OL,[BL][OL] See if the students grasp the idea that a wheel and axle is really a ty
dfdfd7a5356ecdd42e504de3df50d9153e33ea49,9,"Work, Energy, and Simple Machines",m54274,os-teacher,2,AL,[AL] Explain that wheels on vehicles are not really simple machines in the same 
dfdfd7a5356ecdd42e504de3df50d9153e33ea49,9,"Work, Energy, and Simple Machines",m54274,os-teacher,1,BL+OL,[BL][OL] Talk about how inclined planes and wedges are similar and different. No
dfdfd7a5356ecdd42e504de3df50d9153e33ea49,9,"Work, Energy, and Simple Machines",m54274,os-teacher,1,BL+OL,[BL][OL] Suggest that a screw is classified as a separate type of simple machine
dfdfd7a5356ecdd42e504de3df50d9153e33ea49,9,"Work, Energy, and Simple Machines",m54274,os-teacher,2,AL,[AL] Ask students how the forces exerted by a wood screw are different from thos
dfdfd7a5356ecdd42e504de3df50d9153e33ea49,9,"Work, Energy, and Simple Machines",m54274,os-teacher,1,BL+OL,"[BL][OL] The calculation for IMA of a pulley seems too easy to be true, but it i"
dfdfd7a5356ecdd42e504de3df50d9153e33ea49,9,"Work, Energy, and Simple Machines",m54274,os-teacher,1,BL+OL,[BL][OL] Be sure students understand that a complex machine is just a combinatio
dfdfd7a5356ecdd42e504de3df50d9153e33ea49,9,"Work, Energy, and Simple Machines",m54274,os-teacher,1,BL+OL,[BL][OL] Review the material on loss of mechanical energy to heat and the law of
dfdfd7a5356ecdd42e504de3df50d9153e33ea49,10,Special Relativity,m54280,os-teacher,1,AL,[AL] Discuss the history of the concept of the ether. Explain that it more of a 
dfdfd7a5356ecdd42e504de3df50d9153e33ea49,10,Special Relativity,m54280,os-teacher,2,BL+OL,[BL][OL] Mention that electromagnetic waves are unique among wave-propagated ene
dfdfd7a5356ecdd42e504de3df50d9153e33ea49,10,Special Relativity,m54280,os-teacher,1,OL+AL,[OL][AL] Focus students’ thinking on the speed of light. Can the students think 
dfdfd7a5356ecdd42e504de3df50d9153e33ea49,10,Special Relativity,m54280,os-teacher,1,BL+OL,[BL][OL] Explain the geometry of the Michelson–Morley experiment. Explain why fa
dfdfd7a5356ecdd42e504de3df50d9153e33ea49,10,Special Relativity,m54280,os-teacher,1,AL,[AL]Be sure students understand that this animation does not explain how light b
dfdfd7a5356ecdd42e504de3df50d9153e33ea49,10,Special Relativity,m54280,os-teacher,1,BL,[BL] Ask students to round off the value given for c to 3 significant figures an
dfdfd7a5356ecdd42e504de3df50d9153e33ea49,10,Special Relativity,m54280,os-teacher,2,OL,"[OL] Explain the postulates carefully. Note that, although they both seem true, "
dfdfd7a5356ecdd42e504de3df50d9153e33ea49,10,Special Relativity,m54280,os-teacher,3,AL,[AL] Explain that it is the combination of these two postulates that leads to un
dfdfd7a5356ecdd42e504de3df50d9153e33ea49,10,Special Relativity,m54280,os-teacher,1,AL,[AL] This will be difficult to grasp completely for some students. The fact that
dfdfd7a5356ecdd42e504de3df50d9153e33ea49,10,Special Relativity,m54280,os-teacher,2,OL,"[OL] If students are struggling with this explanation of simultaneity, let them "
dfdfd7a5356ecdd42e504de3df50d9153e33ea49,10,Special Relativity,m54280,os-teacher,3,OL+BL,[OL][BL] Point out that the relationship between special relativity and Newton’s
dfdfd7a5356ecdd42e504de3df50d9153e33ea49,10,Special Relativity,m54282,os-teacher,2,BL,[BL] Begin a discussion by asking if students have ever seen a science fiction m
dfdfd7a5356ecdd42e504de3df50d9153e33ea49,10,Special Relativity,m54282,os-teacher,3,OL,[OL] Explain that Newton’s laws are valid for everyday mechanics but break down 
dfdfd7a5356ecdd42e504de3df50d9153e33ea49,10,Special Relativity,m54282,os-teacher,4,AL,[AL] Ask what the students already know about relativity theory. See if they kno
dfdfd7a5356ecdd42e504de3df50d9153e33ea49,10,Special Relativity,m54282,os-teacher,1,OL,[OL] Discuss the expression for the relativistic factor. Explain that this is in
dfdfd7a5356ecdd42e504de3df50d9153e33ea49,10,Special Relativity,m54282,os-teacher,1,AL,"[AL], like , may be hard for some students to grasp. Refer back to the previous "
dfdfd7a5356ecdd42e504de3df50d9153e33ea49,10,Special Relativity,m54282,os-teacher,1,OL,[OL] Discuss the relationship between time dilation and length contraction. If o
dfdfd7a5356ecdd42e504de3df50d9153e33ea49,10,Special Relativity,m54282,os-teacher,1,OL,[OL] Discuss the graph. Explain how it shows that objects that have mass cannot 
dfdfd7a5356ecdd42e504de3df50d9153e33ea49,10,Special Relativity,m54282,os-teacher,1,BL,[BL] In regards to the change in the law of conservation of energy to the law of
dfdfd7a5356ecdd42e504de3df50d9153e33ea49,10,Special Relativity,m54282,os-teacher,2,OL,[OL] Impress upon the students the enormous amount of energy derived from the co
dfdfd7a5356ecdd42e504de3df50d9153e33ea49,10,Special Relativity,m54282,os-teacher,3,AL,[AL] Ask students if they know the difference between fission and fusion and whe
dfdfd7a5356ecdd42e504de3df50d9153e33ea49,11,"Thermal Energy, Heat, and Work",m54287,os-teacher,1,BL+OL+AL,"[BL] [OL][AL] Check prior knowledge of terms such as heat, temperature, and temp"
dfdfd7a5356ecdd42e504de3df50d9153e33ea49,11,"Thermal Energy, Heat, and Work",m54287,os-teacher,2,OL,[OL] Ask students what contains more heat—a bucketful of warm water or a spoonfu
dfdfd7a5356ecdd42e504de3df50d9153e33ea49,11,"Thermal Energy, Heat, and Work",m54287,os-teacher,1,BL+OL+AL,[BL][OL][AL] Ask students in which case each scale would be most convenient to u
dfdfd7a5356ecdd42e504de3df50d9153e33ea49,11,"Thermal Energy, Heat, and Work",m54287,os-teacher,1,AL,[AL]Ask why absolute zero has never been recorded. Discuss if atoms and molecule
dfdfd7a5356ecdd42e504de3df50d9153e33ea49,11,"Thermal Energy, Heat, and Work",m54287,os-teacher,1,BL+OL+AL,[BL][OL][AL] Ask students which is more—a difference of 5°F or a difference of 5
dfdfd7a5356ecdd42e504de3df50d9153e33ea49,11,"Thermal Energy, Heat, and Work",m54290,os-teacher,1,BL+OL+AL,"[BL][OL][AL] Review concepts of heat, temperature, and mass."
dfdfd7a5356ecdd42e504de3df50d9153e33ea49,11,"Thermal Energy, Heat, and Work",m54290,os-teacher,2,AL,[AL] Check prior knowledge of conduction and convection.
dfdfd7a5356ecdd42e504de3df50d9153e33ea49,11,"Thermal Energy, Heat, and Work",m54290,os-teacher,1,BL+OL+AL,[BL][OL][AL]Explain that this formula only works when there is no change in phas
dfdfd7a5356ecdd42e504de3df50d9153e33ea49,11,"Thermal Energy, Heat, and Work",m54290,os-teacher,1,BL+OL+AL,[BL][OL][AL] Ask students what the current temperature in the classroom is. Ask 
dfdfd7a5356ecdd42e504de3df50d9153e33ea49,11,"Thermal Energy, Heat, and Work",m54290,os-teacher,1,BL+OL,[BL][OL] Electromagnetic waves are also often referred to as EM waves. We percei
dfdfd7a5356ecdd42e504de3df50d9153e33ea49,11,"Thermal Energy, Heat, and Work",m54292,os-teacher,1,BL+OL,[BL][OL] Ask students if the same amount of energy is absorbed or released in me
dfdfd7a5356ecdd42e504de3df50d9153e33ea49,11,"Thermal Energy, Heat, and Work",m54292,os-teacher,2,AL,[AL] Ask student how water is able to evaporate even when it is at room temperat
dfdfd7a5356ecdd42e504de3df50d9153e33ea49,12,Thermodynamics,m54300,os-teacher,1,BL+OL+AL,[BL][OL][AL] Ask students if they know how a steam engine works. What are the en
dfdfd7a5356ecdd42e504de3df50d9153e33ea49,12,Thermodynamics,m54300,os-teacher,2,BL,[BL] Ask students what they think the word efficiency means. Ask them what it me
dfdfd7a5356ecdd42e504de3df50d9153e33ea49,12,Thermodynamics,m54300,os-teacher,3,OL+AL,"[OL][AL] Ask students why when they touch a machine, such as a computer or auto "
dfdfd7a5356ecdd42e504de3df50d9153e33ea49,12,Thermodynamics,m54302,os-teacher,1,BL+OL,[BL][OL] Review the concept of heat as the transfer of energy due to a temperatu
dfdfd7a5356ecdd42e504de3df50d9153e33ea49,12,Thermodynamics,m54302,os-teacher,2,OL,[OL] Ask students what the direction of heat flow would be if an ice cube were m
dfdfd7a5356ecdd42e504de3df50d9153e33ea49,12,Thermodynamics,m54302,os-teacher,1,AL,"[AL] Ask students how we receive the energy of the sun, and yet the sun and Eart"
dfdfd7a5356ecdd42e504de3df50d9153e33ea49,12,Thermodynamics,m54302,os-teacher,1,OL+AL,[OL][AL] Ask students to come up with more everyday examples of heat transfer th
dfdfd7a5356ecdd42e504de3df50d9153e33ea49,12,Thermodynamics,m54305,os-teacher,1,BL+OL+AL,[BL][OL][AL] Review the concept of force.
dfdfd7a5356ecdd42e504de3df50d9153e33ea49,12,Thermodynamics,m54305,os-teacher,2,OL,[OL] Ask students how much force it would take to hammer a nail into a wall. Wou
dfdfd7a5356ecdd42e504de3df50d9153e33ea49,12,Thermodynamics,m54305,os-teacher,1,BL+OL+AL,[BL][OL][AL]Inform students that the ideal gas law is only strictly true for gas
dfdfd7a5356ecdd42e504de3df50d9153e33ea49,12,Thermodynamics,m54305,os-teacher,1,BL,[BL] Review heat transfer. When and how does heat transfer energy between two bo
dfdfd7a5356ecdd42e504de3df50d9153e33ea49,12,Thermodynamics,m54305,os-teacher,1,OL+AL,[OL][AL] Ask students to give examples of processes where energy is converted fr
dfdfd7a5356ecdd42e504de3df50d9153e33ea49,12,Thermodynamics,m54305,os-teacher,1,BL+OL,[BL][OL] Demonstrate that the equation may be rearranged as Q=ΔU+W. This shows t
dfdfd7a5356ecdd42e504de3df50d9153e33ea49,12,Thermodynamics,m54305,os-teacher,1,BL,[BL] Make sure students are clear on the use of negative signs for heat transfer
dfdfd7a5356ecdd42e504de3df50d9153e33ea49,12,Thermodynamics,m54306,os-teacher,1,BL+OL+AL,[BL][OL][AL] Review heat and absolute temperature. Recall earlier discussions on
dfdfd7a5356ecdd42e504de3df50d9153e33ea49,12,Thermodynamics,m54306,os-teacher,1,AL,[AL] Ask students what would happen if the second law of thermodynamics were not
dfdfd7a5356ecdd42e504de3df50d9153e33ea49,12,Thermodynamics,m54307,os-teacher,1,BL+OL+AL,[BL][OL][AL] Return again to the discussion of efficiency that was begun at the 
dfdfd7a5356ecdd42e504de3df50d9153e33ea49,12,Thermodynamics,m54307,os-teacher,2,OL,[OL] Ask students whether they can explain the limits on efficiency in terms of 
dfdfd7a5356ecdd42e504de3df50d9153e33ea49,13,Waves and Their Properties,m54314,os-teacher,2,BL+OL+AL,[BL][OL][AL] Ask students to give examples of mechanical and nonmechanical waves
dfdfd7a5356ecdd42e504de3df50d9153e33ea49,13,Waves and Their Properties,m54314,os-teacher,1,BL,"[BL] Any kind of wave, whether mechanical or nonmechanical, or transverse or lon"
dfdfd7a5356ecdd42e504de3df50d9153e33ea49,13,Waves and Their Properties,m54321,os-teacher,1,BL+OL+AL,"[BL][OL][AL] Review amplitude, period, and frequency for simple harmonic motion."
dfdfd7a5356ecdd42e504de3df50d9153e33ea49,13,Waves and Their Properties,m54321,os-teacher,1,BL,"[BL] For sound, a higher frequency corresponds to a higher pitch while a lower f"
dfdfd7a5356ecdd42e504de3df50d9153e33ea49,13,Waves and Their Properties,m54321,os-teacher,2,BL+OL,"[BL][OL] Since sound at all frequencies has the same speed in air, a change in f"
dfdfd7a5356ecdd42e504de3df50d9153e33ea49,13,Waves and Their Properties,m54318,os-teacher,1,BL+OL,"[BL][OL] Review waves, their types, and their properties, as covered in the prev"
dfdfd7a5356ecdd42e504de3df50d9153e33ea49,14,Sound,m54327,os-teacher,1,BL+OL+AL,[BL][OL][AL] Begin by asking students the old philosophical question given at th
dfdfd7a5356ecdd42e504de3df50d9153e33ea49,14,Sound,m54331,os-teacher,1,BL+OL,"[BL][OL] Review waves and types of waves—mechanical and non-mechanical, transver"
dfdfd7a5356ecdd42e504de3df50d9153e33ea49,14,Sound,m54331,os-teacher,1,BL,[BL] Review the fact that sound is a mechanical wave and requires a medium throu
dfdfd7a5356ecdd42e504de3df50d9153e33ea49,14,Sound,m54331,os-teacher,2,OL+AL,"[OL][AL] Ask students if they know the speed of sound and if not, ask them to ta"
dfdfd7a5356ecdd42e504de3df50d9153e33ea49,14,Sound,m54331,os-teacher,1,BL,"[BL] Note that in the table, the speed of sound in very rigid materials such as "
dfdfd7a5356ecdd42e504de3df50d9153e33ea49,14,Sound,m54331,os-teacher,1,BL+OL+AL,"[BL][OL][AL] In musical instruments, shorter strings vibrate faster and hence pr"
dfdfd7a5356ecdd42e504de3df50d9153e33ea49,14,Sound,m54331,os-teacher,1,AL,[AL] Ask students to predict what would happen if the speeds of sound in air var
dfdfd7a5356ecdd42e504de3df50d9153e33ea49,14,Sound,m54333,os-teacher,1,BL,"[BL] Review sound, properties of sound waves and characteristics of sound waves."
dfdfd7a5356ecdd42e504de3df50d9153e33ea49,14,Sound,m54333,os-teacher,1,OL+AL,[OL][AL] Note from the equation that the intensity of sound is also affected by 
dfdfd7a5356ecdd42e504de3df50d9153e33ea49,14,Sound,m54333,os-teacher,1,BL+OL+AL,[BL][OL][AL] Ask students whether the pitch of both birds differs. How can they 
dfdfd7a5356ecdd42e504de3df50d9153e33ea49,14,Sound,m54333,os-teacher,1,BL+OL+AL,[BL][OL][AL] Note that decibel is different from other units in that it is not a
dfdfd7a5356ecdd42e504de3df50d9153e33ea49,14,Sound,m54334,os-teacher,1,BL,"[BL] Before the start of this section, it would be useful to review the properti"
dfdfd7a5356ecdd42e504de3df50d9153e33ea49,14,Sound,m54334,os-teacher,1,BL+OL+AL,[BL][OL][AL] Ask students if they have ever experienced the phenomenon where a c
dfdfd7a5356ecdd42e504de3df50d9153e33ea49,14,Sound,m54334,os-teacher,1,BL+OL+AL,[BL][OL][AL]The equation shows that a sonic boom is created as the observed freq
dfdfd7a5356ecdd42e504de3df50d9153e33ea49,14,Sound,m54335,os-teacher,1,BL,"[BL]Before the start of this section, it would be useful to review the propertie"
dfdfd7a5356ecdd42e504de3df50d9153e33ea49,14,Sound,m54335,os-teacher,1,BL+OL+AL,[BL][OL][AL] Tuning forks and pipes may be used to demonstrate the concept of re
dfdfd7a5356ecdd42e504de3df50d9153e33ea49,14,Sound,m54335,os-teacher,1,BL+OL+AL,[BL][OL][AL] Other instruments also use air resonance in different ways to ampli
dfdfd7a5356ecdd42e504de3df50d9153e33ea49,15,Light,m54342,os-teacher,1,BL,[BL]Explain that the term spectrum refers to a physical property that has a broa
dfdfd7a5356ecdd42e504de3df50d9153e33ea49,15,Light,m54342,os-teacher,2,OL,[OL]Ask students to name ways that sunlight affects Earth. Provide examples that
dfdfd7a5356ecdd42e504de3df50d9153e33ea49,15,Light,m54342,os-teacher,1,OL,"[OL]Discuss electric, magnetic, and gravitational fields. Point out how these th"
dfdfd7a5356ecdd42e504de3df50d9153e33ea49,15,Light,m54342,os-teacher,2,AL,"[AL]Describe vectors as having magnitude and direction, and explain that fields "
dfdfd7a5356ecdd42e504de3df50d9153e33ea49,15,Light,m54342,os-teacher,1,BL,"[BL]Review wave properties: frequency, wavelength, and amplitude. Ask students t"
dfdfd7a5356ecdd42e504de3df50d9153e33ea49,15,Light,m54342,os-teacher,2,OL,[OL]Explain that an important difference between EM waves and other waves is tha
dfdfd7a5356ecdd42e504de3df50d9153e33ea49,15,Light,m54342,os-teacher,3,AL,[AL]Ask if students remember the differences between longitudinal and transverse
dfdfd7a5356ecdd42e504de3df50d9153e33ea49,15,Light,m54342,os-teacher,1,BL,[BL]Notice that most harmful forms of EM radiation are on the high-frequency end
dfdfd7a5356ecdd42e504de3df50d9153e33ea49,15,Light,m54342,os-teacher,2,OL,[OL]Ask which forms of EM radiation students have heard about. Ask them to descr
dfdfd7a5356ecdd42e504de3df50d9153e33ea49,15,Light,m54342,os-teacher,1,BL,[BL]Explain transparency and opacity. Discuss how some materials are transparent
dfdfd7a5356ecdd42e504de3df50d9153e33ea49,15,Light,m54342,os-teacher,2,OL,[OL]Ask students why a lead apron is laid across dental patients during dental X
dfdfd7a5356ecdd42e504de3df50d9153e33ea49,15,Light,m54342,os-teacher,3,AL,[AL]Ask if students can explain Earth’s greenhouse effect in terms of the penetr
dfdfd7a5356ecdd42e504de3df50d9153e33ea49,15,Light,m54342,os-teacher,1,BL,[BL]Review the primary and secondary colors of pigments. Note that this is subtr
dfdfd7a5356ecdd42e504de3df50d9153e33ea49,15,Light,m54342,os-teacher,2,OL,[OL]Explain the difference between subtractive and additive color mixing. The co
dfdfd7a5356ecdd42e504de3df50d9153e33ea49,15,Light,m54342,os-teacher,1,BL,[BL]Ask how different frequencies of EM radiation are applied. Name each frequen
dfdfd7a5356ecdd42e504de3df50d9153e33ea49,15,Light,m54342,os-teacher,2,OL,[OL]Ask students if they know why low-frequency radiation generally has differen
dfdfd7a5356ecdd42e504de3df50d9153e33ea49,15,Light,m54342,os-teacher,3,AL,[AL]Mention the ranges of TV signals designated very high frequency (VHF) and ul
dfdfd7a5356ecdd42e504de3df50d9153e33ea49,15,Light,m54346,os-teacher,1,BL,[BL]Impress on students how incredibly fast light travels. Start with 3.00 × 108
dfdfd7a5356ecdd42e504de3df50d9153e33ea49,15,Light,m54346,os-teacher,2,OL,[OL]Discuss fundamental physical constants. Ask students to name some others in 
dfdfd7a5356ecdd42e504de3df50d9153e33ea49,15,Light,m54346,os-teacher,3,AL,[AL]Explain that physical constants have the same value everywhere in the univer
dfdfd7a5356ecdd42e504de3df50d9153e33ea49,15,Light,m54346,os-teacher,1,BL,[BL]Describe the rainbow colors that result from thin-film interference and ask 
dfdfd7a5356ecdd42e504de3df50d9153e33ea49,15,Light,m54346,os-teacher,2,OL,[OL]Describe refraction qualitatively. Base the discussion on change of speed; t
dfdfd7a5356ecdd42e504de3df50d9153e33ea49,15,Light,m54346,os-teacher,3,AL,[AL]Explain refraction with the analogy of a four-wheeled vehicle veering from s
dfdfd7a5356ecdd42e504de3df50d9153e33ea49,15,Light,m54346,os-teacher,1,BL,"[BL]Remember that the equation for speed is v = d/t, where v is velocity or spee"
dfdfd7a5356ecdd42e504de3df50d9153e33ea49,15,Light,m54346,os-teacher,2,OL,[OL]Ask students to recall ****the metric units of frequency and wavelength. The
dfdfd7a5356ecdd42e504de3df50d9153e33ea49,15,Light,m54346,os-teacher,1,BL,[BL]Good lighting for reading is important. We will see that moving twice as far
dfdfd7a5356ecdd42e504de3df50d9153e33ea49,15,Light,m54346,os-teacher,2,AL,[AL]Recall the inverse-square law for gravitational force. Any force or radiatio
dfdfd7a5356ecdd42e504de3df50d9153e33ea49,16,Mirrors and Lenses,m54366,os-teacher,2,BL+OL,[BL][OL] Review the idea that electromagnetic radiation (unlike sound waves) can
dfdfd7a5356ecdd42e504de3df50d9153e33ea49,16,Mirrors and Lenses,m54366,os-teacher,3,AL,"[AL] Throughout this chapter, light is represented as traveling in straight line"
dfdfd7a5356ecdd42e504de3df50d9153e33ea49,16,Mirrors and Lenses,m54357,os-teacher,1,BL,"[BL]Recall that, in geometry, angles are numbers that tell how far two straight "
dfdfd7a5356ecdd42e504de3df50d9153e33ea49,16,Mirrors and Lenses,m54357,os-teacher,2,OL,"[OL]Geometry is the study of relationships involving points, lines, angles, and "
dfdfd7a5356ecdd42e504de3df50d9153e33ea49,16,Mirrors and Lenses,m54357,os-teacher,3,AL,"[AL]In this chapter, we apply equations that use trigonometric functions that de"
dfdfd7a5356ecdd42e504de3df50d9153e33ea49,16,Mirrors and Lenses,m54357,os-teacher,1,BL,[BL]Explain that light bounces is a simplification. The geometry of the path of 
dfdfd7a5356ecdd42e504de3df50d9153e33ea49,16,Mirrors and Lenses,m54357,os-teacher,2,OL,"[OL]Indicate that the terms right angle, perpendicular, and normal line all mean"
dfdfd7a5356ecdd42e504de3df50d9153e33ea49,16,Mirrors and Lenses,m54357,os-teacher,3,AL,[AL]Recount and explain all the possible interactions of light with matter. Ligh
dfdfd7a5356ecdd42e504de3df50d9153e33ea49,16,Mirrors and Lenses,m54357,os-teacher,1,BL,[BL]Ask students to define virtual and dispel any misconceptions. Explain the te
dfdfd7a5356ecdd42e504de3df50d9153e33ea49,16,Mirrors and Lenses,m54357,os-teacher,2,OL,[OL]Explain that a real focal point is a point at which there is a concentration
dfdfd7a5356ecdd42e504de3df50d9153e33ea49,16,Mirrors and Lenses,m54357,os-teacher,3,AL,[AL]Explain the difference between a parabolic shape and a spherical shape. Use 
dfdfd7a5356ecdd42e504de3df50d9153e33ea49,16,Mirrors and Lenses,m54357,os-teacher,1,BL+OL,[BL][OL]Ask students to identify as many examples as they can of curved mirrors 
dfdfd7a5356ecdd42e504de3df50d9153e33ea49,16,Mirrors and Lenses,m54357,os-teacher,1,BL+OL,[BL][OL]Review operations for manipulating fractions and for rearranging equatio
dfdfd7a5356ecdd42e504de3df50d9153e33ea49,16,Mirrors and Lenses,m54357,os-teacher,2,AL,[AL]Demonstrate how to solve equations of the type 1 a = 1 b + 1 c for any of th
dfdfd7a5356ecdd42e504de3df50d9153e33ea49,16,Mirrors and Lenses,m54365,os-teacher,1,BL+OL,[BL][OL]Remind students that the maximum speed of light is its speed in a vacuum
dfdfd7a5356ecdd42e504de3df50d9153e33ea49,16,Mirrors and Lenses,m54365,os-teacher,1,BL,[BL]An angle is the measure of the separation of two lines or rays originating f
dfdfd7a5356ecdd42e504de3df50d9153e33ea49,16,Mirrors and Lenses,m54365,os-teacher,2,OL+AL,[OL][AL]The trigonometric function sine (sin) for a given angle is the ratio of 
dfdfd7a5356ecdd42e504de3df50d9153e33ea49,16,Mirrors and Lenses,m54365,os-teacher,1,BL,"[BL]Be sure students understand that if c is always greater than v, n must alway"
dfdfd7a5356ecdd42e504de3df50d9153e33ea49,16,Mirrors and Lenses,m54365,os-teacher,2,OL,"[OL]Explain that, unlike the law of reflection, the law of refraction is most ea"
dfdfd7a5356ecdd42e504de3df50d9153e33ea49,16,Mirrors and Lenses,m54365,os-teacher,3,AL,[AL]Ask students to try to explain why a prism separates white light into a rain
dfdfd7a5356ecdd42e504de3df50d9153e33ea49,16,Mirrors and Lenses,m54365,os-teacher,1,OL,"[OL]The superscript in sin−1 is not a power. It indicates arcsine, which is an i"
dfdfd7a5356ecdd42e504de3df50d9153e33ea49,16,Mirrors and Lenses,m54365,os-teacher,1,BL,"[BL]If an equation has two variables and a constant, such as n=c/v, the value of"
dfdfd7a5356ecdd42e504de3df50d9153e33ea49,16,Mirrors and Lenses,m54365,os-teacher,2,OL,[OL]Explain the difference between sine and arcsine. Explain why sin 90° = 1. No
dfdfd7a5356ecdd42e504de3df50d9153e33ea49,16,Mirrors and Lenses,m54365,os-teacher,3,AL,"[AL]Show why the values sin 0°, sin 30°, sin 45°, sin 60°, and sin 90° can be ex"
dfdfd7a5356ecdd42e504de3df50d9153e33ea49,16,Mirrors and Lenses,m54361,os-teacher,1,BL+OL+AL,[BL][OL][AL]Review the lens/mirror equation from the Reflection section. Review 
dfdfd7a5356ecdd42e504de3df50d9153e33ea49,16,Mirrors and Lenses,m54361,os-teacher,1,BL+OL,"[BL][OL]Explain that for ray tracing, the focal point is needed. It is possible "
dfdfd7a5356ecdd42e504de3df50d9153e33ea49,16,Mirrors and Lenses,m54361,os-teacher,1,BL,[BL]Ask students to name as many tools and instruments as they can that incorpor
dfdfd7a5356ecdd42e504de3df50d9153e33ea49,16,Mirrors and Lenses,m54361,os-teacher,2,OL,"[OL]Explain how the human eye is analogous to a camera. Discuss where the lens, "
dfdfd7a5356ecdd42e504de3df50d9153e33ea49,16,Mirrors and Lenses,m54361,os-teacher,3,AL,[AL]Ask students to define index of refraction and explain how it affects the pa
dfdfd7a5356ecdd42e504de3df50d9153e33ea49,16,Mirrors and Lenses,m54361,os-teacher,1,OL+AL,[OL][AL]Explain why it does not matter whether an image of a celestial object is
dfdfd7a5356ecdd42e504de3df50d9153e33ea49,16,Mirrors and Lenses,m54361,os-teacher,1,BL,[BL]Review bending of light by refraction at a boundary between media of differi
dfdfd7a5356ecdd42e504de3df50d9153e33ea49,16,Mirrors and Lenses,m54361,os-teacher,2,OL,[OL]Show students a camera and point out the parts of the camera that have the s
dfdfd7a5356ecdd42e504de3df50d9153e33ea49,16,Mirrors and Lenses,m54361,os-teacher,3,AL,[AL]Have students with glasses compare them. Ask if they know whether their glas
dfdfd7a5356ecdd42e504de3df50d9153e33ea49,17,Diffraction and Interference,m54376,os-teacher,2,BL,[BL]Recall that the speed of light is a fundamental constant. It is also the fas
dfdfd7a5356ecdd42e504de3df50d9153e33ea49,17,Diffraction and Interference,m54376,os-teacher,3,OL,"[OL]Review the similarities and differences of light waves, sound waves, and wat"
dfdfd7a5356ecdd42e504de3df50d9153e33ea49,17,Diffraction and Interference,m54376,os-teacher,4,AL,[AL]Ask students to recall any wave behavior they have witnessed on the surfaces
dfdfd7a5356ecdd42e504de3df50d9153e33ea49,17,Diffraction and Interference,m54369,os-teacher,1,BL,[BL]Explain constructive and destructive interference graphically on the board.
dfdfd7a5356ecdd42e504de3df50d9153e33ea49,17,Diffraction and Interference,m54369,os-teacher,2,OL,[OL]Ask students to look closely at a shadow. Ask why the edges are not sharp li
dfdfd7a5356ecdd42e504de3df50d9153e33ea49,17,Diffraction and Interference,m54369,os-teacher,3,AL,"[AL]Ask students which, among speed, frequency, and wavelength, stay the same, a"
dfdfd7a5356ecdd42e504de3df50d9153e33ea49,17,Diffraction and Interference,m54369,os-teacher,1,OL,"[OL]Discuss the fact that, for a diffraction pattern to be visible, the width of"
dfdfd7a5356ecdd42e504de3df50d9153e33ea49,17,Diffraction and Interference,m54369,os-teacher,1,BL,[BL]The Greek letter θ is spelled theta. The Greek letter λ is spelled lamda. Bo
dfdfd7a5356ecdd42e504de3df50d9153e33ea49,17,Diffraction and Interference,m54369,os-teacher,2,OL,[OL]Explain that monochromatic means one color. Monochromatic also means one fre
dfdfd7a5356ecdd42e504de3df50d9153e33ea49,17,Diffraction and Interference,m54371,os-teacher,1,BL,"[BL]Define the terms laser, diffraction grating, and resolution."
dfdfd7a5356ecdd42e504de3df50d9153e33ea49,17,Diffraction and Interference,m54371,os-teacher,2,OL,[OL]Remind students of the meaning of coherent light in terms of wave properties
dfdfd7a5356ecdd42e504de3df50d9153e33ea49,17,Diffraction and Interference,m54371,os-teacher,3,AL,"[AL]Explain how, for very short wavelengths ( λ< 10 −12 m ), the limit of resolu"
dfdfd7a5356ecdd42e504de3df50d9153e33ea49,17,Diffraction and Interference,m54371,os-teacher,1,BL,[BL]Review problem-solving techniques: Identify the knowns and unknowns. Convert
dfdfd7a5356ecdd42e504de3df50d9153e33ea49,17,Diffraction and Interference,m54371,os-teacher,2,OL,[OL]Review the meaning of arcsine in particular and of inverse trigonometric fun
dfdfd7a5356ecdd42e504de3df50d9153e33ea49,18,Static Electricity,m54417,os-teacher,1,BL+OL,[BL][OL]Review the notion of repulsive and attractive forces. Discuss how forces
dfdfd7a5356ecdd42e504de3df50d9153e33ea49,18,Static Electricity,m54417,os-teacher,2,AL,"[AL]Explain that all the macroscopic forces that we experience directly, such as"
dfdfd7a5356ecdd42e504de3df50d9153e33ea49,18,Static Electricity,m54410,os-teacher,1,BL+OL,[BL][OL]Discuss what is meant by conservation in the physics sense. Point out ho
dfdfd7a5356ecdd42e504de3df50d9153e33ea49,18,Static Electricity,m54410,os-teacher,2,AL,"[AL]Ask what other laws of conservation they have encountered in physics, and di"
dfdfd7a5356ecdd42e504de3df50d9153e33ea49,18,Static Electricity,m54410,os-teacher,1,BL,[BL]Have students define the meaning of conductor and insulator. Explain how the
dfdfd7a5356ecdd42e504de3df50d9153e33ea49,18,Static Electricity,m54410,os-teacher,2,OL,[OL]Ask students whether they have encountered conductors and insulators in thei
dfdfd7a5356ecdd42e504de3df50d9153e33ea49,18,Static Electricity,m54410,os-teacher,3,AL,[AL]Ask whether students recall other conductors and insulators in physics. Disc
dfdfd7a5356ecdd42e504de3df50d9153e33ea49,18,Static Electricity,m54410,os-teacher,1,BL+OL,[BL][OL]Ask how the concept of static electricity can be compatible with transfe
dfdfd7a5356ecdd42e504de3df50d9153e33ea49,18,Static Electricity,m54410,os-teacher,2,AL,[AL]Ask students to define separation of charge. Prepare to explain why this doe
dfdfd7a5356ecdd42e504de3df50d9153e33ea49,18,Static Electricity,m54410,os-teacher,2,BL+OL,"[BL][OL]Discuss the meaning of polarization in everyday language. For example, d"
dfdfd7a5356ecdd42e504de3df50d9153e33ea49,18,Static Electricity,m54410,os-teacher,3,AL,[AL]Ask what other examples of polarization they can think of from everyday life
dfdfd7a5356ecdd42e504de3df50d9153e33ea49,18,Static Electricity,m54414,os-teacher,2,BL+OL,[BL][OL]Discuss how Coulomb described this law long after Newton described the l
dfdfd7a5356ecdd42e504de3df50d9153e33ea49,18,Static Electricity,m54414,os-teacher,3,AL,[AL]Ask why the law of force between electrostatic charge was discovered after t
dfdfd7a5356ecdd42e504de3df50d9153e33ea49,18,Static Electricity,m54428,os-teacher,1,BL+OL,[BL][OL]Point out that all electric field lines originate from the charge.
dfdfd7a5356ecdd42e504de3df50d9153e33ea49,18,Static Electricity,m54428,os-teacher,2,AL,[AL]Point out that the number of lines crossing an imaginary sphere surrounding 
dfdfd7a5356ecdd42e504de3df50d9153e33ea49,18,Static Electricity,m54426,os-teacher,2,BL,[BL]Ask students to define how potential is used in everyday life. Draw the anal
dfdfd7a5356ecdd42e504de3df50d9153e33ea49,18,Static Electricity,m54426,os-teacher,3,OL+AL,[OL][AL]Review the concept of potential energy as being the potential an object 
dfdfd7a5356ecdd42e504de3df50d9153e33ea49,18,Static Electricity,m54426,os-teacher,4,OL,[OL]Remind students that gravitational potential energy is only meaningful when 
dfdfd7a5356ecdd42e504de3df50d9153e33ea49,18,Static Electricity,m54426,os-teacher,5,AL,"[AL]Point out that sometimes the reference position is at infinity, in which cas"
dfdfd7a5356ecdd42e504de3df50d9153e33ea49,18,Static Electricity,m63179,os-teacher,2,BL,[BL]Have students define how the word capacity is used in everyday life. Have th
dfdfd7a5356ecdd42e504de3df50d9153e33ea49,18,Static Electricity,m63179,os-teacher,3,OL,[OL]Ask students whether they have heard the word capacitor used in conjunction 
dfdfd7a5356ecdd42e504de3df50d9153e33ea49,18,Static Electricity,m63179,os-teacher,4,AL,[AL]Discuss how a spring has a capacity to store mechanical energy. Discuss whic
dfdfd7a5356ecdd42e504de3df50d9153e33ea49,18,Static Electricity,m63179,os-teacher,2,BL+OL,[BL][OL]Point out that the prefix di means two or double. Combined with the word
dfdfd7a5356ecdd42e504de3df50d9153e33ea49,18,Static Electricity,m63179,os-teacher,3,AL,[AL]Ask students whether they know of other words that use the prefix di in scie
dfdfd7a5356ecdd42e504de3df50d9153e33ea49,21,The Quantum Nature of Light,m54566,os-teacher,2,BL,[BL]Discuss what variables are being graphed. Have them complete the statement: 
dfdfd7a5356ecdd42e504de3df50d9153e33ea49,21,The Quantum Nature of Light,m54566,os-teacher,3,OL,[OL]Discuss what the peak of each graph refers to. Ask if the radiation intensit
dfdfd7a5356ecdd42e504de3df50d9153e33ea49,21,The Quantum Nature of Light,m54566,os-teacher,4,AL,[AL]Discuss why there are three lines on the graph. Does it make sense that an i
dfdfd7a5356ecdd42e504de3df50d9153e33ea49,21,The Quantum Nature of Light,m54566,os-teacher,2,BL+OL,[BL][OL]Do you have personal evidence to show that as temperature increases the 
dfdfd7a5356ecdd42e504de3df50d9153e33ea49,21,The Quantum Nature of Light,m54566,os-teacher,3,AL,[AL]Remind students that temperature is just a measure of the average kinetic en
dfdfd7a5356ecdd42e504de3df50d9153e33ea49,21,The Quantum Nature of Light,m54559,os-teacher,1,BL+OL,[BL][OL]Discuss with students what may cause light to eject electrons from a mat
dfdfd7a5356ecdd42e504de3df50d9153e33ea49,21,The Quantum Nature of Light,m54559,os-teacher,2,AL,[AL]Ask students why a light meter would be useful in a camera. How could the nu
dfdfd7a5356ecdd42e504de3df50d9153e33ea49,21,The Quantum Nature of Light,m54552,os-teacher,1,BL+OL,[BL][OL]Can students think of an equivalent macroscopic event that models both m
dfdfd7a5356ecdd42e504de3df50d9153e33ea49,21,The Quantum Nature of Light,m54552,os-teacher,2,AL,[AL]Have the students determine what information would need to be measured in or
dfdfd7a5356ecdd42e504de3df50d9153e33ea49,22,The Atom,m54582,os-teacher,1,AL,"[AL]For students that are exceptionally curious, suggest studying the writings o"
dfdfd7a5356ecdd42e504de3df50d9153e33ea49,22,The Atom,m54582,os-teacher,1,BL+OL,[BL][OL]Students should recognize two distinct results from the gold foil experi
dfdfd7a5356ecdd42e504de3df50d9153e33ea49,22,The Atom,m54582,os-teacher,2,AL,[AL]Have the students determine whether backscattering would occur with the plum
dfdfd7a5356ecdd42e504de3df50d9153e33ea49,22,The Atom,m54582,os-teacher,1,AL,[AL]Have students explore how Fraunhofer lines are used by astronomers to determ
dfdfd7a5356ecdd42e504de3df50d9153e33ea49,22,The Atom,m54582,os-teacher,2,BL+OL,[BL][OL]Ask the students to speculate on the absorption spectrum provided by a p
dfdfd7a5356ecdd42e504de3df50d9153e33ea49,22,The Atom,m54582,os-teacher,1,BL+OL,[BL][OL]Quiz the students at this time. Show a large energy-level diagram on the
dfdfd7a5356ecdd42e504de3df50d9153e33ea49,22,The Atom,m54582,os-teacher,2,AL,[AL]Have a student draw a planetary model to match the energy-level diagram show
dfdfd7a5356ecdd42e504de3df50d9153e33ea49,22,The Atom,m54582,os-teacher,2,BL+OL,[BL][OL]Have students describe what is quantized and how quantum orbitals relate
dfdfd7a5356ecdd42e504de3df50d9153e33ea49,22,The Atom,m54582,os-teacher,3,AL,[AL]Have students explain how Bohr’s theory is supported by blackbody radiation 
dfdfd7a5356ecdd42e504de3df50d9153e33ea49,22,The Atom,m54582,os-teacher,1,BL+OL,[BL][OL]Another model for explaining the uncertainty principle for students stru
dfdfd7a5356ecdd42e504de3df50d9153e33ea49,22,The Atom,m54582,os-teacher,1,BL+OL,"[BL][OL]Upon viewing , have students explain how the image is supported by Heise"
dfdfd7a5356ecdd42e504de3df50d9153e33ea49,22,The Atom,m54582,os-teacher,2,AL,[AL]Have students explain how DeBroglie’s waves tie to . How would the electron 
dfdfd7a5356ecdd42e504de3df50d9153e33ea49,22,The Atom,m54580,os-teacher,1,BL+OL+AL,"[BL][OL][AL]As in the beginning of Section 1, have students create a list of fac"
dfdfd7a5356ecdd42e504de3df50d9153e33ea49,22,The Atom,m54580,os-teacher,1,BL,[BL]Students may confuse the terms mass number and atomic number. Remind them th
dfdfd7a5356ecdd42e504de3df50d9153e33ea49,22,The Atom,m54580,os-teacher,1,AL,"[AL]The mass number of the nucleus is conserved, but is the mass? Mention that t"
dfdfd7a5356ecdd42e504de3df50d9153e33ea49,22,The Atom,m54580,os-teacher,1,OL+AL,"[OL][AL]To differentiate between the three types of decay, you can have the stud"
dfdfd7a5356ecdd42e504de3df50d9153e33ea49,22,The Atom,m54580,os-teacher,1,OL+AL,[OL][AL]Show table 22.3 to students after they read the preceding paragraph. See
dfdfd7a5356ecdd42e504de3df50d9153e33ea49,22,The Atom,m54580,os-teacher,2,BL,[BL]-See if students can come up with a relationship between penetration distanc
dfdfd7a5356ecdd42e504de3df50d9153e33ea49,22,The Atom,m63183,os-teacher,1,BL,[BL]Prepare a few other examples of exponential decay so that students understan
dfdfd7a5356ecdd42e504de3df50d9153e33ea49,22,The Atom,m63183,os-teacher,1,AL,[AL]Show that carbon-14 can create nitrogen-14 when struck by neutrino in the at
dfdfd7a5356ecdd42e504de3df50d9153e33ea49,22,The Atom,m54574,os-teacher,1,BL+OL,"[BL][OL] To ensure understanding, ask students why it is not likely that a stabl"
dfdfd7a5356ecdd42e504de3df50d9153e33ea49,22,The Atom,m54574,os-teacher,1,BL+OL+AL,"[BL][OL][AL]At this point, it is a good idea to show a quick video of a chain re"
dfdfd7a5356ecdd42e504de3df50d9153e33ea49,22,The Atom,m54574,os-teacher,1,BL+OL+AL,"[BL][OL] [AL]Note that the hydrogen bomb is a fusion bomb, as its energy can onl"
dfdfd7a5356ecdd42e504de3df50d9153e33ea49,22,The Atom,m54578,os-teacher,1,AL,"[AL]Have students investigate why radioactive iodine, radioactive thallium salt,"
dfdfd7a5356ecdd42e504de3df50d9153e33ea49,22,The Atom,m54578,os-teacher,1,BL+OL,[BL][OL]Why does radiation cause damage to DNA? Have students view the disruptio
dfdfd7a5356ecdd42e504de3df50d9153e33ea49,23,Particle Physics,m54593,os-teacher,2,OL+AL,[OL][AL]To make the strength-distance relationship of the strong force more visi
dfdfd7a5356ecdd42e504de3df50d9153e33ea49,23,Particle Physics,m54593,os-teacher,4,AL,[AL]Ask students what distance aligns with the valley representing the maximum a
dfdfd7a5356ecdd42e504de3df50d9153e33ea49,23,Particle Physics,m54593,os-teacher,1,BL+OL,[BL][OL]The concept of a carrier particle transmitting a force is similar to the
dfdfd7a5356ecdd42e504de3df50d9153e33ea49,23,Particle Physics,m54593,os-teacher,1,BL+OL+AL,"[BL][OL][AL]To help students explain the Feynman diagram, ask a number of specif"
dfdfd7a5356ecdd42e504de3df50d9153e33ea49,23,Particle Physics,m54593,os-teacher,1,BL+OL+AL,[BL][OL][AL]There are two forces acting with the cyclotron in . A centripetal fo
dfdfd7a5356ecdd42e504de3df50d9153e33ea49,23,Particle Physics,m54593,os-teacher,1,BL+OL,[BL][OL]Assist the students in constructing a chart or Venn diagram showing simi
dfdfd7a5356ecdd42e504de3df50d9153e33ea49,23,Particle Physics,m54595,os-teacher,1,AL,[AL]Have interested students read the texts of Democritus and Empedocles to see 
dfdfd7a5356ecdd42e504de3df50d9153e33ea49,23,Particle Physics,m54595,os-teacher,1,BL,"[BL]It may be helpful to construct a graphical organizer, like a family tree, to"
dfdfd7a5356ecdd42e504de3df50d9153e33ea49,23,Particle Physics,m54595,os-teacher,1,BL+OL,[BL][OL]Review color theory with students to help them understand the usefulness
dfdfd7a5356ecdd42e504de3df50d9153e33ea49,23,Particle Physics,m54595,os-teacher,1,AL,[AL]What would have occurred in the Big Bang if the numbers of matter and antima
dfdfd7a5356ecdd42e504de3df50d9153e33ea49,23,Particle Physics,m54588,os-teacher,1,BL+OL+AL,"[BL][OL][AL]Given the discussion in the prior paragraph, what should scientists "
dfdfd7a5356ecdd42e504de3df50d9153e33ea49,23,Particle Physics,m54588,os-teacher,1,BL+OL+AL,[BL][OL][AL]Modeling the Big Bang through an expanding balloon is a good demonst
